<metadata>
  <attr path="/api/package[@name='org.android.spdy']/class[@name='SpdyByteArray']/method[@name='compareTo' and count(parameter)=1 and parameter[1][@type='org.android.spdy.SpdyByteArray']]/parameter[1]"
        name="managedType">Java.Lang.Object</attr>
  <attr path="/api/package[@name='anet.channel']/class[@name='SessionRequest']" name ="visibility">public</attr>
  <attr path="/api/package[@name='anetwork.channel.unified']/class[@name='RequestContext']" name ="visibility">public</attr>
  <attr path="/api/package[@name='anet.channel.strategy']/class[@name='RawConnStrategy']" name ="visibility">public</attr>
  <attr path="/api/package[@name='anetwork.channel']/class[@name='NetworkInfo.NetworkTask']/method[@name='call' and count(parameter)=0]" name ="managedName">CallStr</attr>
  <add-node path="/api/package[@name='anetwork.channel']/class[@name='NetworkInfo.NetworkTask']" >
    <method abstract="false" deprecated="not deprecated" final="false" name="Call" native="false" return="Java.Lang.Object" static="false" synchronized="false" visibility="public">
      <!--<parameter name="t" type="com.slidingmenu.lib.SlidingMenu.CanvasTransformer" />-->
    </method>
  </add-node>
  <attr path="/api/package[@name='anetwork.channel.aidl.adapter']/class[@name='FutureResponse']/method[@name='get' and count(parameter)=0]" name="managedReturn">Java.Lang.Object</attr>
  <attr path="/api/package[@name='anetwork.channel.aidl.adapter']/class[@name='FutureResponse']/method[@name='get' and count(parameter)=2 and parameter[1][@type='long'] and parameter[2][@type='java.util.concurrent.TimeUnit']]" name="managedReturn">Java.Lang.Object</attr>

  <remove-node path="/api/package[@name='com.taobao.agoo']/class[@name='IRegister']/method[@name='onFailure' and count(parameter)=2 and parameter[1][@type='java.lang.String'] and parameter[2][@type='java.lang.String']]" />
  <remove-node path="/api/package[@name='anetwork.channel.aidl.adapter']/class[@name='ConnectionDelegate']" />
  <!--<remove-node path="/api/package[@name='com.umeng.message']/class[@name='UmengDownloadResourceService.DownloadResourceTask']"></remove-node>-->
</metadata>
